Company,Contact,Email,City,Status,Owner,Last contact,Next step,Notes
Brannvik Marine AB,Erik Brannvik,erik@brannvik-marine.example,"Göteborg, SE",,Johan,2026-09-08,,
Elina Saari,Elina Saari,elina@saari-co.example,"Helsinki, FI",,Johan,2026-08-20,,Partner
Harju Logistics Oy,Petra Harju,petra@harju-logistics.example,"Tampere, FI",Closed (sale); add-on mandate signed,Johan,2026-09-21,,
Kallio Foods Oy,Mari Kallio,mari@kallio-foods.example,"Turku, FI",In market,Johan,2026-08-27,Final offers 31 Oct,
Kuusi Robotics Oy,Helmi Kuusi,helmi@kuusi-robotics.example,"Jyväskylä, FI",,Sofia,2026-09-07,,
Lumo Health Oy,Ville Kuosmanen,ville@lumo-health.example,"Helsinki, FI",Contact made,Sofia,2026-09-19,Ask about timing,
Merikoski Bank,Tuomas Leino,tuomas@merikoski-bank.example,"Helsinki, FI",Agreement signed,Sofia,2026-09-24,,Partner
Nordvent Systems AB,Camilla Nord,camilla@nordvent.example,"Uppsala, SE",Proposal made,Johan,2026-09-15,Send proposal,
Okko Instruments Oy,Sanna Okko,sanna@okko-instruments.example,"Oulu, FI",Lead in,Sofia,2026-10-06,Proposal by 15 Oct,
Oravala Software Oy,Petteri Oravala,petteri@oravala.example,"Helsinki, FI",Lead in,Johan,2026-09-18,Call in January,
Pohjoisranta Dental Group,Laura Pohjoisranta,laura@pohjoisranta-dental.example,"Vaasa, FI",Contact made,Johan,,,
Tammela Steel Oy,Jari Tammela,jari@tammela-steel.example,"Hämeenlinna, FI",Contact made,Johan,2026-10-01,Second meeting,
Vaara Packaging Oy,Antti Vaara,antti@vaara-packaging.example,"Lahti, FI",Closed,Johan,2026-06-30,,
Vesi Analytics Oy,Oskari Vesi,oskari@vesi-analytics.example,"Espoo, FI",Proposal made,Johan,2026-04-30,,
