Date,Description,Amount (EUR),Balance (EUR),Type
2026-04-01,WERKRAUM KOLLEKTIV FLEX DESK,-240.00,3439.25,DEBIT
2026-04-02,NIMBUS CLOUD HOSTING,-45.00,3394.25,CARD
2026-04-03,FONTRACK PRO SUBSCRIPTION,-18.00,3376.25,CARD
2026-04-09,BUEROBEDARF KERN BERLIN,-24.90,3351.35,CARD
2026-04-14,BREW AND BEAN BERLIN,-16.40,3334.95,CARD
2026-04-15,NORTHLIGHT AGENCY INV-2026-04,4200.00,7534.95,CREDIT
2026-04-20,RAILLINK DE,-186.60,7348.35,CARD
2026-04-23,VELLUM AND CO INV-2026-04B,950.00,8298.35,CREDIT
2026-04-27,STADTWERKE BERLIN ABSCHLAG,-86.00,8212.35,CARD
