Buchungstag;Wertstellung;Buchungstext;Beguenstigter/Zahlungspflichtiger;Verwendungszweck;Betrag;Waehrung;Saldo
01.05.2026;02.05.2026;DAUERAUFTRAG;HAUSVERWALTUNG LINDENHOF GMBH;MIETE WHG 3 OG RE OBJ 4471;-1.480,00;EUR;2.895,94
01.05.2026;01.05.2026;KARTENZAHLUNG;DROGERIE FLINK FIL 212;DROGERIE FLINK FIL 212//BERLIN/DE 01.05.2026 20.45 UHR KARTE 1;-10,25;EUR;2.885,69
02.05.2026;03.05.2026;LASTSCHRIFT;KITA SONNENBLUME E.V.;ELTERNBEITRAG MIRA CARTER-OKAFOR;-95,00;EUR;2.790,69
02.05.2026;03.05.2026;LASTSCHRIFT;AMAZON PAYMENTS EUROPE S.C.A.;D01-9416046-7006478 AMAZON.DE PRIME MITGLIEDSCHAFT;-8,99;EUR;2.781,70
02.05.2026;02.05.2026;KARTENZAHLUNG;BAECKEREI SONNENSCHE;BAECKEREI SONNENSCHE//BERLIN/DE 02.05.2026 19.49 UHR KARTE 1;-4,51;EUR;2.777,19
03.05.2026;04.05.2026;LASTSCHRIFT;HAUSVERWALTUNG LINDENHOF GMBH;NEBENKOSTEN VORAUSZAHLUNG OBJ 4471;-240,00;EUR;2.537,19
03.05.2026;03.05.2026;KARTENZAHLUNG;KAUFHALLE NORD 4471 BERLIN;KAUFHALLE NORD 4471 BERLIN//BERLIN/DE 03.05.2026 15.13 UHR KARTE 1;-33,15;EUR;2.504,04
04.05.2026;04.05.2026;KARTENZAHLUNG;BAECKEREI SONNENSCHE;BAECKEREI SONNENSCHE//BERLIN/DE 04.05.2026 11.30 UHR KARTE 1;-7,28;EUR;2.496,76
05.05.2026;06.05.2026;LASTSCHRIFT;SPREELICHT ENERGIE GMBH;ABSCHLAG STROM KD 88-114-203 NEUER TARIF;-94,00;EUR;2.402,76
06.05.2026;06.05.2026;KARTENZAHLUNG;SPIELWERK SPIELZEUG;SPIELWERK SPIELZEUG//BERLIN/DE 06.05.2026 17.07 UHR KARTE 1;-38,19;EUR;2.364,57
06.05.2026;07.05.2026;LASTSCHRIFT;KAUFHALLE NORD LIEFERDIENST;BESTELLUNG KN-2605-4825 MANDAT KN-2022-8841;-53,72;EUR;2.310,85
07.05.2026;07.05.2026;KARTENZAHLUNG;SPAETI MOND BERLIN;SPAETI MOND BERLIN//BERLIN/DE 07.05.2026 08.55 UHR KARTE 1;-7,03;EUR;2.303,82
08.05.2026;08.05.2026;KARTENZAHLUNG;DROGERIE FLINK FIL 212;DROGERIE FLINK FIL 212//BERLIN/DE 08.05.2026 15.15 UHR KARTE 1;-18,56;EUR;2.285,26
08.05.2026;08.05.2026;KARTENZAHLUNG;KARTENKOPF MERCH 24356;Kartenzahlung 24356;-11,58;EUR;2.273,68
10.05.2026;11.05.2026;LASTSCHRIFT;BLAUSCHILD VERSICHERUNG AG;HAUSRAT MANDAT BS-2026-8812 GLG DE09ZZZ00000881204;-21,90;EUR;2.251,78
10.05.2026;11.05.2026;LASTSCHRIFT;BLAUSCHILD VERSICHERUNG AG;PRIVATHAFTPFLICHT MANDAT BS-2021-3310;-7,60;EUR;2.244,18
11.05.2026;11.05.2026;KARTENZAHLUNG;KAUFHALLE NORD 4471 BERLIN;KAUFHALLE NORD 4471 BERLIN//BERLIN/DE 11.05.2026 20.51 UHR KARTE 1;-53,10;EUR;2.191,08
11.05.2026;11.05.2026;KARTENZAHLUNG;BAECKEREI SONNENSCHE;BAECKEREI SONNENSCHE//BERLIN/DE 11.05.2026 19.02 UHR KARTE 1;-4,16;EUR;2.186,92
11.05.2026;11.05.2026;KARTENZAHLUNG;KARTENKOPF MERCH 24439;Kartenzahlung 24439;-10,67;EUR;2.176,25
11.05.2026;12.05.2026;LASTSCHRIFT;RATENWERK BANK AB;Kauf auf Rechnung, Vorgang 40117;-163,00;EUR;2.013,25
13.05.2026;13.05.2026;KARTENZAHLUNG;BAECKEREI SONNENSCHE;BAECKEREI SONNENSCHE//BERLIN/DE 13.05.2026 12.59 UHR KARTE 1;-8,66;EUR;2.004,59
13.05.2026;14.05.2026;LASTSCHRIFT;TELLERFLINK LIEFERSERVICE;Bestellung 730662;-46,14;EUR;1.958,45
14.05.2026;15.05.2026;LASTSCHRIFT;BILDSTROM MEDIA GMBH;MITGLIEDSCHAFT KD 5512-887;-14,99;EUR;1.943,46
15.05.2026;16.05.2026;LASTSCHRIFT;KIEZNETZ BERLIN GMBH;DSL 100 KD 2214-99 RECHNUNG;-39,99;EUR;1.903,47
16.05.2026;17.05.2026;LASTSCHRIFT;MEDIENABGABE ZENTRALSTELLE;MEDIENABGABE BEITRAGSNR 41 992 114;-57,60;EUR;1.845,87
16.05.2026;16.05.2026;KARTENZAHLUNG;KAUFHALLE NORD 4471 BERLIN;KAUFHALLE NORD 4471 BERLIN//BERLIN/DE 16.05.2026 15.44 UHR KARTE 1;-95,85;EUR;1.750,02
17.05.2026;18.05.2026;LASTSCHRIFT;WARENLAGER PAYMENTS EUROPE;WRNLGR MKTP DE 303184;-50,27;EUR;1.699,75
18.05.2026;18.05.2026;KARTENZAHLUNG;APO KOTTBUSSER TOR;APO KOTTBUSSER TOR//BERLIN/DE 18.05.2026 12.30 UHR KARTE 1;-26,37;EUR;1.673,38
20.05.2026;21.05.2026;LASTSCHRIFT;STADTLINIE BERLIN VERKEHR;MONATSKARTE ABO NR 71-448821;-59,00;EUR;1.614,38
20.05.2026;21.05.2026;LASTSCHRIFT;KAUFHALLE NORD LIEFERDIENST;BESTELLUNG KN-2605-7460 MANDAT KN-2022-8841;-51,70;EUR;1.562,68
20.05.2026;21.05.2026;LASTSCHRIFT;TELLERFLINK LIEFERSERVICE;Bestellung 730480;-39,15;EUR;1.523,53
22.05.2026;22.05.2026;KARTENZAHLUNG;SPAETI MOND BERLIN;SPAETI MOND BERLIN//BERLIN/DE 22.05.2026 09.15 UHR KARTE 1;-5,47;EUR;1.518,06
24.05.2026;25.05.2026;LASTSCHRIFT;KAUFHALLE NORD LIEFERDIENST;BESTELLUNG KN-2605-2505 MANDAT KN-2022-8841;-66,23;EUR;1.451,83
25.05.2026;25.05.2026;KARTENZAHLUNG;KAUFHALLE NORD 4471 BERLIN;KAUFHALLE NORD 4471 BERLIN//BERLIN/DE 25.05.2026 08.17 UHR KARTE 1;-92,42;EUR;1.359,41
25.05.2026;25.05.2026;KARTENZAHLUNG;KAUFHALLE NORD 4471 BERLIN;KAUFHALLE NORD 4471 BERLIN//BERLIN/DE 25.05.2026 16.30 UHR KARTE 1;-51,04;EUR;1.308,37
26.05.2026;26.05.2026;KARTENZAHLUNG;KAUFHALLE NORD 4471 BERLIN;KAUFHALLE NORD 4471 BERLIN//BERLIN/DE 26.05.2026 09.53 UHR KARTE 1;-24,35;EUR;1.284,02
27.05.2026;27.05.2026;KARTENZAHLUNG;DROGERIE FLINK FIL 212;DROGERIE FLINK FIL 212//BERLIN/DE 27.05.2026 14.53 UHR KARTE 1;-14,30;EUR;1.269,72
28.05.2026;29.05.2026;GUTSCHRIFT;LANDESSCHULAMT SUEDOST BEZUEGE;BEZUEGE OKAFOR S PERS-NR 884112;2.480,00;EUR;3.749,72
28.05.2026;29.05.2026;UEBERWEISUNG;S OKAFOR;TASCHENGELD;-430,00;EUR;3.319,72
30.05.2026;31.05.2026;GUTSCHRIFT;A CARTER;HAUSHALT MONATLICH;1.400,00;EUR;4.719,72
