Date,Description,Amount (EUR),Balance (EUR),Type
2025-12-01,KRAFTKAMMER KREUZBERG MITGLIEDSBEITRAG,-34.90,2102.35,DEBIT
2025-12-03,WARENLAGER DIGITAL DE ABO,-4.99,2097.36,DEBIT
2025-12-04,SUPERMERCADO LISTO,-36.24,2061.12,CARD
2025-12-05,VERTIKAL SPORT BLN,-114.46,1946.66,CARD
2025-12-05,BAECKEREI SONNENSCHE,-7.77,1938.89,CARD
2025-12-06,BILDSTROM MEDIA GMBH MITGLIEDSCHAFT KD 1140-229,-12.99,1925.90,DEBIT
2025-12-06,PAGOLINK SPIELWERK SPIELZEUG,-148.90,1777.00,DEBIT
2025-12-09,AMAZON PRIME*PR56388AC amzn.co.uk/pm GB GBP 8.99 @ 1.1741,-10.56,1766.44,CARD
2025-12-09,BREW AND BEAN BERLIN,-8.66,1757.78,CARD
2025-12-10,BREW AND BEAN BERLIN,-16.61,1741.17,CARD
2025-12-11,TONSPUR MUSIK ABO FAMILIE,-10.99,1730.18,DEBIT
2025-12-12,RAILLINK DE,-108.23,1621.95,CARD
2025-12-14,BAECKEREI SONNENSCHE,-6.03,1615.92,CARD
2025-12-14,KB* FOTOLABOR SILBERKO,-64.00,1551.92,DEBIT
2025-12-15,BREW AND BEAN BERLIN,-11.65,1540.27,CARD
2025-12-20,HALLO MOBILFUNK GMBH MOBILFUNK PRIVAT VERTRAG 8841-2,-24.99,1515.28,DEBIT
2025-12-23,WOLKENFACH SPEICHER 200 GB PLAN,-2.99,1512.29,DEBIT
2025-12-23,KB* KINO LICHTBLICK,-14.27,1498.02,CARD
2025-12-24,BREW AND BEAN BERLIN,-15.93,1482.09,CARD
2025-12-25,KARTENKOPF *Bar Nachtkarte,-6.20,1475.89,CARD
2025-12-25,BAECKEREI SONNENSCHE,-10.05,1465.84,CARD
2025-12-26,SUPERMERCADO LISTO,-34.92,1430.92,CARD
2025-12-26,BAECKEREI SONNENSCHE,-10.37,1420.55,CARD
2025-12-27,CARTER STUDIO UG ENTNAHME MONATLICH,2240.00,3660.55,CREDIT
2025-12-27,BREW AND BEAN BERLIN,-14.83,3645.72,CARD
2025-12-28,SUPERMERCADO LISTO,-33.99,3611.73,CARD
2025-12-28,RADWERK KREUZBERG,-53.27,3558.46,CARD
2025-12-29,HAUSHALT HAVELBANK HAUSHALT MONATLICH,-1400.00,2158.46,DEBIT
