"Buchung";"Valuta";"Auftraggeber/Empfaenger";"Buchungstext";"Verwendungszweck";"Soll";"Haben";"Saldo";"Waehrung"
"04.06.2026";"04.06.2026";"DROGERIE FLINK FIL 212";"KARTENZAHLUNG";"DROGERIE FLINK FIL 212//BERLIN/DE 04.06.2026 18.23 UHR KARTE 1";"28,72";"";"2021,54";"EUR"
"06.06.2026";"06.06.2026";"DROGERIE FLINK FIL 212";"KARTENZAHLUNG";"DROGERIE FLINK FIL 212//BERLIN/DE 06.06.2026 09.05 UHR KARTE 1";"29,10";"";"1992,44";"EUR"
"07.06.2026";"08.06.2026";"BLATTWERK LESEN";"LASTSCHRIFT";"LESEFLAT MONATLICH";"9,99";"";"1982,45";"EUR"
"09.06.2026";"10.06.2026";"PAGOLINK . MOEBELHAUS EICHBLATT";"LASTSCHRIFT";"PP.4411576.PP . MOEBELHAUS EICHBLATT, Ihr Einkauf bei Möbelhaus Eichblatt";"143,80";"";"1838,65";"EUR"
"11.06.2026";"11.06.2026";"DROGERIE FLINK FIL 212";"KARTENZAHLUNG";"DROGERIE FLINK FIL 212//BERLIN/DE 11.06.2026 19.50 UHR KARTE 1";"28,26";"";"1810,39";"EUR"
"12.06.2026";"13.06.2026";"PULSBAHN APP";"LASTSCHRIFT";"PREMIUM";"7,99";"";"1802,40";"EUR"
"13.06.2026";"13.06.2026";"KARTENKOPF *Café Zeitlupe";"KARTENZAHLUNG";"Kartenzahlung 24706";"14,30";"";"1788,10";"EUR"
"14.06.2026";"14.06.2026";"KARTENKOPF *Café Zeitlupe";"KARTENZAHLUNG";"Kartenzahlung 24715";"3,20";"";"1784,90";"EUR"
"15.06.2026";"15.06.2026";"KLEIDERWERK BERLIN";"KARTENZAHLUNG";"KLEIDERWERK BERLIN//BERLIN/DE 15.06.2026 08.56 UHR KARTE 1";"52,72";"";"1732,18";"EUR"
"18.06.2026";"19.06.2026";"HALLO MOBILFUNK GMBH";"LASTSCHRIFT";"MOBILFUNK PRIVAT VERTRAG 8841-3";"14,99";"";"1717,19";"EUR"
"21.06.2026";"21.06.2026";"BUCHH SILBENFISCH";"KARTENZAHLUNG";"BUCHH SILBENFISCH//BERLIN/DE 21.06.2026 20.02 UHR KARTE 1";"34,26";"";"1682,93";"EUR"
"25.06.2026";"25.06.2026";"KARTENKOPF *Café Zeitlupe";"KARTENZAHLUNG";"Kartenzahlung 24807";"12,80";"";"1670,13";"EUR"
"28.06.2026";"29.06.2026";"A CARTER S OKAFOR";"GUTSCHRIFT";"TASCHENGELD";"";"430,00";"2100,13";"EUR"
"28.06.2026";"29.06.2026";"KASSENBAND * STOFFKREI";"LASTSCHRIFT";"KB 71762";"138,53";"";"1961,60";"EUR"
"30.06.2026";"01.07.2026";"RECHNUNGSABSCHLUSS";"ENTGELTABSCHLUSS";"KARTENENTGELT QUARTAL";"5,85";"";"1955,75";"EUR"
