Kirjauspäivä;Arvopäivä;Määrä EUROA;Laji;Selitys;Saaja/Maksaja;Saajan tilinumero;Viite;Viesti;Arkistointitunnus
02.04.2026;02.04.2026;+1350,00;710;TILISIIRTO;BROOKS DANIEL;FI20 7939 0070 2144 18;;Kotitalous;2026040215A2430518
02.04.2026;02.04.2026;-43,98;720;E-LASKU;AALLOKKO MOBILE OY;FI94 8210 0075 5211 30;70 55112 26034;;20260402A3F4E108D5
02.04.2026;02.04.2026;-121,82;106;KORTTIOSTO;RUOKASATAMA ISO OMENATIE;;;Kortti **** 0193;2026040282387621A1
03.04.2026;03.04.2026;-12,99;106;KORTTIOSTO;KUVAVIRTA STREAM;;;Kortti **** 0193;20260403427E211895
04.04.2026;04.04.2026;-39,90;720;E-LASKU;KUITULINJA OY;FI46 3133 0000 7625 10;22 09184 26035;;202604049B58AB650D
04.04.2026;04.04.2026;-99,45;106;KORTTIOSTO;RUOKASATAMA TAPIOLANTIE;;;Kortti **** 0193;20260404FFEF8FCF8E
05.04.2026;05.04.2026;-412,00;721;TOISTUVA MAKSU;AS OY KOTIKALLIO;FI83 4439 0012 6600 84;140 07264;Yhtiövastike B 14;202604057174E8BE28
10.04.2026;10.04.2026;-157,35;106;KORTTIOSTO;RUOKASATAMA ISO OMENATIE;;;Kortti **** 0193;20260410186F9B9C86
17.04.2026;17.04.2026;-55,77;106;KORTTIOSTO;RUOKASATAMA ISO OMENATIE;;;Kortti **** 0193;20260417AFD2C7B294
18.04.2026;18.04.2026;-9,70;106;KORTTIOSTO;PIKKU-LAHI KAARNATIE;;;Kortti **** 0193;20260418E2245B1EFA
20.04.2026;20.04.2026;-896,40;760;LAINAN LYHENNYS;KUUSIKKO PANKKI;;;Asuntolaina 7731;20260420CCC3E528B3
22.04.2026;22.04.2026;-136,25;106;KORTTIOSTO;RUOKASATAMA TAPIOLANTIE;;;Kortti **** 0193;2026042239554A2F64
24.04.2026;24.04.2026;-295,00;720;E-LASKU;PÄIVÄKOTI PIKKUTIKKA OY;FI48 5710 0020 3388 41;4471 20926 04124;;202604249327C77CB5
24.04.2026;24.04.2026;-17,05;106;KORTTIOSTO;PIKKU-LAHI KAARNATIE;;;Kortti **** 0193;20260424D79F3DB369
25.04.2026;25.04.2026;-24,83;106;KORTTIOSTO;PIKKU-LAHI KAARNATIE;;;Kortti **** 0193;202604256A7CD95D2E
27.04.2026;27.04.2026;-83,93;720;E-LASKU;VIRTAVÄYLÄ ENERGIA OY;FI56 3410 0055 0018 27;88 10036 26040;Automaattinen maksu;202604275F0BF0DCEF
27.04.2026;27.04.2026;-113,21;106;KORTTIOSTO;RUOKASATAMA ISO OMENATIE;;;Kortti **** 0193;20260427194732F95B
28.04.2026;28.04.2026;+1450,00;740;OMA SIIRTO;NOORA HEIKKILA;FI02 4712 0011 9061 15;;Kotitalous;20260428E3A667E4A0
