Date;Amount;Payee/Payer;Account;Reference;Message;Type;Balance
2.10.2025;-1 350,00;HEIKKILA NOORA / BROOKS DANIEL;FI30 4712 0011 8832 04;;Kotitalous;Transfer;3 504,92
3.10.2025;1 930,30;STUDIO HALLA OY;;;Lasku 228;Transfer;5 435,22
3.10.2025;-300,00;KANERVA INVEST OY;FI43 2109 0100 4488 12;6620 77125;Kuukausisäästö;Transfer;5 135,22
4.10.2025;-27,33;PIKKU-LAHI KAARNATIE;;;Card **** 7740;Card;5 107,89
9.10.2025;-11,99;SAVELVIRTA MUSIIKKI;;;Card **** 7740;Card;5 095,90
11.10.2025;-33,38;PIKKU-LAHI KAARNATIE;;;Card **** 7740;Card;5 062,52
25.10.2025;-96,00;SIIVOUSPALVELU KIRKAS OY;FI50 1510 0045 5032 87;5 50190 25102;;Transfer;4 966,52
31.10.2025;-106,69;RUOKASATAMA ISO OMENATIE;;;Card **** 7740;Card;4 859,83
2.11.2025;-1 350,00;HEIKKILA NOORA / BROOKS DANIEL;FI30 4712 0011 8832 04;;Kotitalous;Transfer;3 509,83
2.11.2025;-91,32;RAVINTOLA VERKKOSAARI;;;Card **** 7740;Card;3 418,51
3.11.2025;-300,00;KANERVA INVEST OY;FI43 2109 0100 4488 12;6620 77125;Kuukausisäästö;Transfer;3 118,51
5.11.2025;1 667,46;STUDIO HALLA OY;;;Lasku 203;Transfer;4 785,97
9.11.2025;-159,53;RUOKASATAMA ISO OMENATIE;;;Card **** 7740;Card;4 626,44
9.11.2025;-9,45;KAHVILA HUMALISTO;;;Card **** 7740;Card;4 616,99
9.11.2025;-11,99;SAVELVIRTA MUSIIKKI;;;Card **** 7740;Card;4 605,00
17.11.2025;-105,47;RUOKASATAMA ISO OMENATIE;;;Card **** 7740;Card;4 499,53
20.11.2025;-486,00;PERUSKIVI ELÄKEVAKUUTUS OY;FI82 6312 0006 6220 31;33 00518 25111;;Transfer;4 013,53
21.11.2025;-54,51;RUOKASATAMA TAPIOLANTIE;;;Card **** 7740;Card;3 959,02
22.11.2025;-30,78;RUOKASATAMA TAPIOLANTIE;;;Card **** 7740;Card;3 928,24
25.11.2025;-96,00;SIIVOUSPALVELU KIRKAS OY;FI50 1510 0045 5032 87;5 50190 25115;;Transfer;3 832,24
25.11.2025;-52,91;RUOKASATAMA TAPIOLANTIE;;;Card **** 7740;Card;3 779,33
26.11.2025;818,34;PAPERIPUU KUSTANNUS OY;;;Lasku 269;Transfer;4 597,67
29.11.2025;-71,86;RUOKASATAMA ISO OMENATIE;;;Card **** 7740;Card;4 525,81
2.12.2025;-1 350,00;HEIKKILA NOORA / BROOKS DANIEL;FI30 4712 0011 8832 04;;Kotitalous;Transfer;3 175,81
3.12.2025;-300,00;KANERVA INVEST OY;FI43 2109 0100 4488 12;6620 77125;Kuukausisäästö;Transfer;2 875,81
3.12.2025;-114,78;RUOKASATAMA ISO OMENATIE;;;Card **** 7740;Card;2 761,03
9.12.2025;1 044,83;PAPERIPUU KUSTANNUS OY;;;Lasku 203;Transfer;3 805,86
9.12.2025;-11,99;SAVELVIRTA MUSIIKKI;;;Card **** 7740;Card;3 793,87
19.12.2025;-102,77;RUOKASATAMA TAPIOLANTIE;;;Card **** 7740;Card;3 691,10
25.12.2025;-96,00;SIIVOUSPALVELU KIRKAS OY;FI50 1510 0045 5032 87;5 50190 25128;;Transfer;3 595,10
2.1.2026;-1 350,00;HEIKKILA NOORA / BROOKS DANIEL;FI30 4712 0011 8832 04;;Kotitalous;Transfer;2 245,10
3.1.2026;-300,00;KANERVA INVEST OY;FI43 2109 0100 4488 12;6620 77125;Kuukausisäästö;Transfer;1 945,10
9.1.2026;-11,99;SAVELVIRTA MUSIIKKI;;;Card **** 7740;Card;1 933,11
10.1.2026;1 421,62;KAISLIKKO MEDIA OY;;;Lasku 200;Transfer;3 354,73
12.1.2026;-126,20;RUOKASATAMA ISO OMENATIE;;;Card **** 7740;Card;3 228,53
25.1.2026;1 770,80;PAPERIPUU KUSTANNUS OY;;;Lasku 253;Transfer;4 999,33
25.1.2026;-96,00;SIIVOUSPALVELU KIRKAS OY;FI50 1510 0045 5032 87;5 50190 26017;;Transfer;4 903,33
2.2.2026;-1 350,00;HEIKKILA NOORA / BROOKS DANIEL;FI30 4712 0011 8832 04;;Kotitalous;Transfer;3 553,33
3.2.2026;-300,00;KANERVA INVEST OY;FI43 2109 0100 4488 12;6620 77125;Kuukausisäästö;Transfer;3 253,33
9.2.2026;2 305,55;KAISLIKKO MEDIA OY;;;Lasku 213;Transfer;5 558,88
9.2.2026;-11,99;SAVELVIRTA MUSIIKKI;;;Card **** 7740;Card;5 546,89
11.2.2026;-50,22;RUOKASATAMA ISO OMENATIE;;;Card **** 7740;Card;5 496,67
25.2.2026;1 375,35;KAISLIKKO MEDIA OY;;;Lasku 219;Transfer;6 872,02
25.2.2026;-96,00;SIIVOUSPALVELU KIRKAS OY;FI50 1510 0045 5032 87;5 50190 26020;;Transfer;6 776,02
25.2.2026;-16,87;KAHVILA HUMALISTO;;;Card **** 7740;Card;6 759,15
28.2.2026;-11,08;PIKKU-LAHI KAARNATIE;;;Card **** 7740;Card;6 748,07
2.3.2026;-1 350,00;HEIKKILA NOORA / BROOKS DANIEL;FI30 4712 0011 8832 04;;Kotitalous;Transfer;5 398,07
3.3.2026;-300,00;KANERVA INVEST OY;FI43 2109 0100 4488 12;6620 77125;Kuukausisäästö;Transfer;5 098,07
3.3.2026;-486,00;PERUSKIVI ELÄKEVAKUUTUS OY;FI82 6312 0006 6220 31;33 00518 26026;;Transfer;4 612,07
6.3.2026;-40,14;RUOKASATAMA ISO OMENATIE;;;Card **** 7740;Card;4 571,93
9.3.2026;-11,99;SAVELVIRTA MUSIIKKI;;;Card **** 7740;Card;4 559,94
15.3.2026;808,29;KAISLIKKO MEDIA OY;;;Lasku 277;Transfer;5 368,23
20.3.2026;-3,62;PERUSKIVI ELÄKEVAKUUTUS OY;FI82 6312 0006 6220 31;833 00518 26028;Viivästyskorko YEL 2026/1;Transfer;5 364,61
21.3.2026;-28,19;PIKKU-LAHI KAARNATIE;;;Card **** 7740;Card;5 336,42
25.3.2026;-96,00;SIIVOUSPALVELU KIRKAS OY;FI50 1510 0045 5032 87;5 50190 26033;;Transfer;5 240,42
2.4.2026;-1 350,00;HEIKKILA NOORA / BROOKS DANIEL;FI30 4712 0011 8832 04;;Kotitalous;Transfer;3 890,42
3.4.2026;-300,00;KANERVA INVEST OY;FI43 2109 0100 4488 12;6620 77125;Kuukausisäästö;Transfer;3 590,42
3.4.2026;-114,37;RUOKASATAMA ISO OMENATIE;;;Card **** 7740;Card;3 476,05
4.4.2026;1 909,73;PAPERIPUU KUSTANNUS OY;;;Lasku 215;Transfer;5 385,78
6.4.2026;-55,35;RAVINTOLA VERKKOSAARI;;;Card **** 7740;Card;5 330,43
9.4.2026;-11,99;SAVELVIRTA MUSIIKKI;;;Card **** 7740;Card;5 318,44
11.4.2026;-133,40;RUOKASATAMA ISO OMENATIE;;;Card **** 7740;Card;5 185,04
15.4.2026;777,11;KAISLIKKO MEDIA OY;;;Lasku 280;Transfer;5 962,15
16.4.2026;-100,39;RUOKASATAMA TAPIOLANTIE;;;Card **** 7740;Card;5 861,76
25.4.2026;-96,00;SIIVOUSPALVELU KIRKAS OY;FI50 1510 0045 5032 87;5 50190 26046;;Transfer;5 765,76
29.4.2026;-62,09;RUOKASATAMA TAPIOLANTIE;;;Card **** 7740;Card;5 703,67
1.5.2026;-123,58;RUOKASATAMA ISO OMENATIE;;;Card **** 7740;Card;5 580,09
2.5.2026;-1 350,00;HEIKKILA NOORA / BROOKS DANIEL;FI30 4712 0011 8832 04;;Kotitalous;Transfer;4 230,09
2.5.2026;-61,67;RAVINTOLA VERKKOSAARI;;;Card **** 7740;Card;4 168,42
3.5.2026;-300,00;KANERVA INVEST OY;FI43 2109 0100 4488 12;6620 77125;Kuukausisäästö;Transfer;3 868,42
6.5.2026;-14,31;KAHVILA HUMALISTO;;;Card **** 7740;Card;3 854,11
9.5.2026;-11,99;SAVELVIRTA MUSIIKKI;;;Card **** 7740;Card;3 842,12
16.5.2026;-17,94;PIKKU-LAHI KAARNATIE;;;Card **** 7740;Card;3 824,18
20.5.2026;-486,00;PERUSKIVI ELÄKEVAKUUTUS OY;FI82 6312 0006 6220 31;33 00518 26055;;Transfer;3 338,18
21.5.2026;974,58;STUDIO HALLA OY;;;Lasku 205;Transfer;4 312,76
22.5.2026;-17,59;PIKKU-LAHI KAARNATIE;;;Card **** 7740;Card;4 295,17
24.5.2026;1 036,54;KAISLIKKO MEDIA OY;;;Lasku 210;Transfer;5 331,71
24.5.2026;-15,60;KAHVILA HUMALISTO;;;Card **** 7740;Card;5 316,11
25.5.2026;-96,00;SIIVOUSPALVELU KIRKAS OY;FI50 1510 0045 5032 87;5 50190 26059;;Transfer;5 220,11
2.6.2026;-1 350,00;HEIKKILA NOORA / BROOKS DANIEL;FI30 4712 0011 8832 04;;Kotitalous;Transfer;3 870,11
3.6.2026;-300,00;KANERVA INVEST OY;FI43 2109 0100 4488 12;6620 77125;Kuukausisäästö;Transfer;3 570,11
3.6.2026;-82,22;RAVINTOLA VERKKOSAARI;;;Card **** 7740;Card;3 487,89
6.6.2026;1 301,42;KAISLIKKO MEDIA OY;;;Lasku 281;Transfer;4 789,31
9.6.2026;-11,99;SAVELVIRTA MUSIIKKI;;;Card **** 7740;Card;4 777,32
14.6.2026;923,02;KAISLIKKO MEDIA OY;;;Lasku 226;Transfer;5 700,34
18.6.2026;-47,25;RUOKASATAMA TAPIOLANTIE;;;Card **** 7740;Card;5 653,09
19.6.2026;-50,58;RUOKASATAMA ISO OMENATIE;;;Card **** 7740;Card;5 602,51
25.6.2026;-96,00;SIIVOUSPALVELU KIRKAS OY;FI50 1510 0045 5032 87;5 50190 26062;;Transfer;5 506,51
2.7.2026;-1 350,00;HEIKKILA NOORA / BROOKS DANIEL;FI30 4712 0011 8832 04;;Kotitalous;Transfer;4 156,51
3.7.2026;-300,00;KANERVA INVEST OY;FI43 2109 0100 4488 12;6620 77125;Kuukausisäästö;Transfer;3 856,51
5.7.2026;-121,79;RUOKASATAMA TAPIOLANTIE;;;Card **** 7740;Card;3 734,72
9.7.2026;-11,99;SAVELVIRTA MUSIIKKI;;;Card **** 7740;Card;3 722,73
10.7.2026;-112,32;RUOKASATAMA ISO OMENATIE;;;Card **** 7740;Card;3 610,41
18.7.2026;-16,02;KAHVILA HUMALISTO;;;Card **** 7740;Card;3 594,39
19.7.2026;-45,60;RAVINTOLA VERKKOSAARI;;;Card **** 7740;Card;3 548,79
22.7.2026;1 744,86;PAPERIPUU KUSTANNUS OY;;;Lasku 293;Transfer;5 293,65
24.7.2026;-11,43;PIKKU-LAHI KAARNATIE;;;Card **** 7740;Card;5 282,22
25.7.2026;2 269,78;PAPERIPUU KUSTANNUS OY;;;Lasku 209;Transfer;7 552,00
25.7.2026;-96,00;SIIVOUSPALVELU KIRKAS OY;FI50 1510 0045 5032 87;5 50190 26075;;Transfer;7 456,00
31.7.2026;-17,62;PIKKU-LAHI KAARNATIE;;;Card **** 7740;Card;7 438,38
1.8.2026;-16,50;PIKKU-LAHI KAARNATIE;;;Card **** 7740;Card;7 421,88
1.8.2026;-14,45;KAHVILA HUMALISTO;;;Card **** 7740;Card;7 407,43
2.8.2026;-1 350,00;HEIKKILA NOORA / BROOKS DANIEL;FI30 4712 0011 8832 04;;Kotitalous;Transfer;6 057,43
2.8.2026;-19,23;PIKKU-LAHI KAARNATIE;;;Card **** 7740;Card;6 038,20
3.8.2026;-300,00;KANERVA INVEST OY;FI43 2109 0100 4488 12;6620 77125;Kuukausisäästö;Transfer;5 738,20
4.8.2026;-89,47;RUOKASATAMA TAPIOLANTIE;;;Card **** 7740;Card;5 648,73
6.8.2026;-69,09;RAVINTOLA VERKKOSAARI;;;Card **** 7740;Card;5 579,64
8.8.2026;1 444,33;KAISLIKKO MEDIA OY;;;Lasku 281;Transfer;7 023,97
9.8.2026;-11,99;SAVELVIRTA MUSIIKKI;;;Card **** 7740;Card;7 011,98
14.8.2026;-10,90;PIKKU-LAHI KAARNATIE;;;Card **** 7740;Card;7 001,08
20.8.2026;-486,00;PERUSKIVI ELÄKEVAKUUTUS OY;FI82 6312 0006 6220 31;33 00518 26084;;Transfer;6 515,08
25.8.2026;1 609,09;PAPERIPUU KUSTANNUS OY;;;Lasku 241;Transfer;8 124,17
25.8.2026;-96,00;SIIVOUSPALVELU KIRKAS OY;FI50 1510 0045 5032 87;5 50190 26088;;Transfer;8 028,17
2.9.2026;-1 350,00;HEIKKILA NOORA / BROOKS DANIEL;FI30 4712 0011 8832 04;;Kotitalous;Transfer;6 678,17
3.9.2026;-300,00;KANERVA INVEST OY;FI43 2109 0100 4488 12;6620 77125;Kuukausisäästö;Transfer;6 378,17
8.9.2026;-158,39;RUOKASATAMA ISO OMENATIE;;;Card **** 7740;Card;6 219,78
9.9.2026;-11,99;SAVELVIRTA MUSIIKKI;;;Card **** 7740;Card;6 207,79
10.9.2026;2 069,94;KAISLIKKO MEDIA OY;;;Lasku 251;Transfer;8 277,73
10.9.2026;-116,52;RUOKASATAMA ISO OMENATIE;;;Card **** 7740;Card;8 161,21
11.9.2026;-116,71;RUOKASATAMA TAPIOLANTIE;;;Card **** 7740;Card;8 044,50
18.9.2026;-86,03;RUOKASATAMA TAPIOLANTIE;;;Card **** 7740;Card;7 958,47
25.9.2026;-96,00;SIIVOUSPALVELU KIRKAS OY;FI50 1510 0045 5032 87;5 50190 26091;;Transfer;7 862,47
2.10.2026;-1 350,00;HEIKKILA NOORA / BROOKS DANIEL;FI30 4712 0011 8832 04;;Kotitalous;Transfer;6 512,47
2.10.2026;-62,25;RAVINTOLA VERKKOSAARI;;;Card **** 7740;Card;6 450,22
3.10.2026;-300,00;KANERVA INVEST OY;FI43 2109 0100 4488 12;6620 77125;Kuukausisäästö;Transfer;6 150,22
3.10.2026;-132,58;RUOKASATAMA TAPIOLANTIE;;;Card **** 7740;Card;6 017,64
5.10.2026;1 007,11;PAPERIPUU KUSTANNUS OY;;;Lasku 291;Transfer;7 024,75
9.10.2026;-11,99;SAVELVIRTA MUSIIKKI;;;Card **** 7740;Card;7 012,76
13.10.2026;1 009,97;KAISLIKKO MEDIA OY;;;Lasku 250;Transfer;8 022,73
