Organization - ID,Organization - Name,Organization - Address,Organization - Owner,Organization - Label
101,Brannvik Marine AB,"Göteborg, SE",Johan Aalto,Prospect
103,Fjell Capital AS,"Oslo, NO",Sofia Berglund,Investor
104,Harju Logistics Oy,"Tampere, FI",Johan Aalto,Prospect
105,Kallio Foods Oy,"Turku, FI",Johan Aalto,Prospect
106,Kivi Family Office,"Helsinki, FI",Johan Aalto,Investor
107,Kuusi Robotics Oy,"Jyväskylä, FI",Sofia Berglund,Prospect
108,Lumo Health Oy,"Helsinki, FI",Sofia Berglund,Prospect
109,Merikoski Bank,"Helsinki, FI",Sofia Berglund,Partner
111,Nordic Pension Mutual,"Helsinki, FI",Sofia Berglund,Investor
112,Nordvent Systems AB,"Uppsala, SE",Johan Aalto,Prospect
113,Okko Instruments Oy,"Oulu, FI",Sofia Berglund,Prospect
114,Oravala Software Oy,"Helsinki, FI",Johan Aalto,Prospect
115,Pohjoisranta Dental Group,"Vaasa, FI",Johan Aalto,Prospect
116,Revontuli Growth Partners,"Stockholm, SE",Sofia Berglund,Investor
117,Ström Holding AB,"Stockholm, SE",Johan Aalto,Investor
118,Tammela Steel Oy,"Hämeenlinna, FI",Johan Aalto,Prospect
119,Vaara Packaging Oy,"Lahti, FI",Johan Aalto,Prospect
120,Vesi Analytics Oy,"Espoo, FI",Johan Aalto,Prospect
